;coordX;coordY
1;0.2403;1.1663
4;-0.1825;4.214
13;0.2202;13.0941
14;0.21;14.0202
16;-0.1724;15.8411
18;0.192;18.2939
19;-0.2982;18.9149
20;-0.2486;19.9931
21;-0.286;20.9858
22;0.1183;22.2376
23;-0.2375;22.9226
24;-0.2394;24.0592
25;-0.1131;24.9019
26;-0.1675;25.9228
27;0.2222;26.7325
28;0.1588;28.1709
31;-0.1956;31.098
32;-0.0396;31.9034
34;-0.0577;33.8577
35;-0.2556;35.1252
37;0.1544;37.1904
38;0.0196;37.7856
39;0.2926;39.2931
40;0.9115;0.122
42;0.815;1.8824
43;1.19;3.1486
46;0.9975;5.7967
47;0.9342;6.7304
48;1.075;7.7132
51;0.8053;11.2572
52;0.8821;12.1758
54;1.2649;14.1714
55;0.9227;14.92
57;0.7749;17.022
58;0.8779;18.0654
59;0.992;19.2343
60;0.7901;20.2801
61;1.0075;21.155
62;1.0463;22.2026
63;0.8771;22.813
65;1.1794;25.1107
66;0.7277;25.8623
67;1.2154;27.0408
68;1.0271;28.2444
69;0.778;29.0776
70;0.9619;29.8855
71;0.7305;30.8389
72;0.8813;32.2462
73;0.9832;33.0744
74;1.192;33.9361
75;1.2243;34.9968
76;1.0696;35.8432
78;1.1753;38.1149
79;1.0447;38.8654
80;1.9258;-0.0678
81;1.8952;0.919
84;1.9752;3.918
85;1.7179;5.104
86;2.1616;6.1605
87;2.0174;6.7979
88;1.9891;7.7776
89;2.1709;8.7147
90;2.1246;9.7786
92;1.7151;11.7199
93;2.1153;13.0569
95;1.9602;14.9674
96;2.2312;15.9875
97;1.8363;17.27
98;2.2824;18.1178
99;2.1948;19.2956
101;1.9924;21.2929
103;1.7962;23.046
104;2.1269;24.0119
105;2.1522;24.9123
107;2.2066;27.224
108;2.12;28.0349
109;2.0631;29.2978
110;2.1791;29.9515
111;2.0576;31.1474
112;1.743;32.1448
114;2.1037;34.1946
117;2.257;36.8348
118;2.1976;37.8951
119;2.0893;39.2738
120;2.9;-0.203
121;3.2069;0.9911
122;3.2831;2.0477
123;3.0412;3.0923
125;3.0108;4.7526
126;3.1515;6.0273
127;3.206;6.8565
128;2.7614;8.2606
129;3.2811;8.8648
131;3.2624;10.9358
132;3.0949;11.91
134;3.2223;13.9021
136;2.7501;15.8492
137;3.1168;16.7942
138;2.7723;18.1515
139;3.2529;19.2612
140;2.9854;19.9603
141;2.9606;21.0382
142;3.2845;21.8207
143;3.1235;22.7574
144;2.7466;23.9366
145;2.9875;24.9645
146;2.8883;25.7444
147;2.8174;27.2386
148;3.1467;28.0627
149;3.1406;28.9884
151;2.9813;31.2601
152;3.2278;32.1665
153;2.795;32.8105
155;2.7446;34.8843
156;3.1581;36.1802
157;3.0543;37.1745
158;2.9075;38.2681
159;2.8955;38.732
160;4.037;-0.0204
162;4.1232;1.7889
163;3.9255;3.2181
164;3.9054;3.7303
165;4.233;4.9698
166;4.0467;5.8663
168;3.91;7.9273
169;4.015;8.9236
171;3.7686;10.7351
172;4.2241;12.2516
173;4.2935;13.1921
174;4.1179;13.9034
175;3.9448;15.103
176;3.8127;16.299
177;3.9754;17.0079
178;3.7189;18.0345
179;4.1064;18.7976
182;4.154;22.2354
183;4.2408;23.1098
184;4.1264;23.8541
186;4.2731;26.0288
187;3.8668;26.8916
189;3.8696;28.739
190;4.0502;29.9557
192;4.1979;32.1209
194;3.8359;33.9283
195;3.7095;34.8866
196;3.7367;35.7609
197;3.786;37.025
198;3.7259;37.7485
199;4.1821;39.2956
200;5.2622;0.1866
201;5.0814;0.8944
202;4.983;2.2584
203;5.2071;2.7753
204;5.1536;4.261
205;4.9803;4.8454
206;5.1391;5.92
207;4.778;6.9739
208;4.7057;8.1639
209;5.0226;8.9016
210;4.9569;9.8751
211;5.2883;11.0656
212;4.7536;12.0631
213;4.8354;12.8552
214;5.2912;13.9501
215;5.0328;14.7435
216;4.7463;15.8732
217;5.1058;16.9143
219;5.0746;19.0027
220;4.7309;20.191
221;5.0417;20.9518
222;5.1515;21.8776
223;4.9395;23.2524
225;5.1156;25.0298
226;5.1239;26.011
228;4.7488;28.173
229;5.2228;29.2219
230;4.9351;30.0707
231;5.1346;31.2104
232;5.2596;32.2195
233;5.2643;32.7325
234;4.8885;34.2679
235;5.1851;34.8017
236;5.2646;36.0038
237;5.1285;36.7484
238;4.9628;37.7844
239;5.1517;38.8865
242;6.1401;2.1818
244;5.7661;3.7964
245;6.2029;4.7555
246;6.0188;6.0649
247;6.0691;6.7006
248;5.7403;8.2443
249;6.0181;8.9022
250;6.2482;10.0355
251;6.096;10.8603
252;6.2881;11.7145
253;6.1462;12.9142
254;5.8696;14.021
255;5.8342;14.9787
256;5.7492;16.1523
258;6.2864;17.7866
259;6.2671;18.9783
262;6.2176;21.9092
264;6.0074;23.7285
265;5.7582;25.133
266;6.2545;26.1971
267;6.1157;26.8956
268;5.74;28.1137
270;6.1357;30.0494
271;6.1332;31.031
272;6.2683;32.2818
273;5.9602;32.8733
274;5.9048;33.7912
275;6.2165;34.9152
276;6.0394;35.8219
277;5.7762;36.7311
278;6.2627;38.0142
279;5.8052;38.7137
282;6.7791;1.8669
283;7.1091;2.7447
284;6.7035;4.1203
285;7.2545;4.8986
287;7.1505;7.0421
290;6.7727;9.7665
291;7.1608;11.0651
293;6.8115;13.2743
294;6.804;13.7788
295;7.2957;15.0916
296;7.1097;16.1334
297;6.7369;17.1314
298;6.8555;18.0718
299;6.7097;19.2193
300;7.2865;20.1175
302;7.1926;22.0753
303;7.1019;22.8453
304;7.1273;23.9117
305;6.7352;24.7834
306;6.9818;25.8501
307;6.7082;27.1175
308;7.0083;28.1881
309;6.9792;29.1049
310;7.1057;29.9029
311;6.9137;30.9814
312;7.2314;32.176
313;6.8748;33.2095
316;6.8908;35.8657
317;6.8822;36.9228
318;7.213;38.2621
319;6.9006;39.0879
322;8.2209;2.2233
324;8.2149;4.1026
325;8.0954;5.0319
326;8.2243;5.7266
328;8.1605;7.718
329;8.2069;8.8686
330;8.0006;10.2123
331;8.2319;11.276
333;7.985;12.8114
334;8.1759;14.1126
335;7.8889;15.2525
336;8.2885;16.0366
338;7.8003;17.7859
339;8.2664;19.1861
342;7.7375;21.8314
343;8.0323;22.9327
344;7.8885;23.8394
345;7.8027;25.2418
346;7.8997;26.1131
347;8.2577;26.7036
348;7.83;28.1536
349;7.8775;28.7495
350;8.0762;29.9751
353;8.1281;33.1787
354;8.1416;33.803
356;7.7632;35.9692
357;8.0221;37.2314
358;7.8188;37.9214
359;7.9775;38.8326
360;9.1846;-0.2632
361;8.9317;1.2449
363;9.0417;2.9769
364;9.1923;3.9775
365;8.7732;4.9875
366;9.2015;6.1395
367;8.7124;7.2854
368;8.9209;8.0966
369;9.1021;9.0043
370;8.9855;9.9856
371;8.715;11.0477
375;9.2575;14.7498
377;9.1342;16.9519
378;9.0427;18.1186
379;8.8928;18.8014
380;9.0421;19.8616
381;8.7546;20.724
382;9.2231;21.787
383;9.2293;22.9135
384;8.8817;24.1627
385;9.1722;24.9906
386;8.7115;26.2552
387;8.9824;27.0746
389;8.7535;28.7161
390;9.0403;30.041
391;9.1705;30.7094
392;9.2455;32.2547
393;8.8391;33.0535
395;8.8905;34.8595
396;8.9758;35.8251
397;8.9865;36.9818
399;9.1651;39.2638
400;9.9014;0.0802
401;10.1149;1.1672
403;9.8278;3.0871
406;10.241;6.1768
407;9.9486;6.8823
408;10.2131;8.0251
409;9.9829;8.7148
410;9.7543;9.9375
412;9.9528;11.8776
413;10.1742;12.8196
414;9.9751;14.2468
415;10.072;14.7523
416;10.0742;15.8493
417;9.795;17.2294
419;10.09;19.12
420;9.9529;20.0993
421;9.8358;21.0921
422;9.7868;22.0076
423;9.9436;22.8886
424;9.8662;24.2866
425;10.2311;24.8751
426;10.0044;25.7279
428;10.1383;28.0682
429;10.1801;29.1147
430;10.1802;30.0959
432;9.9153;31.7074
433;10.1494;33.0367
434;9.9963;34.1403
437;10.0094;36.8727
438;10.1622;37.9275
439;9.8528;38.8036
440;10.7262;0.2128
441;11.1194;1.1665
442;10.9428;1.812
443;11.231;3.1468
444;11.0382;3.8151
445;11.2979;5.2669
446;10.8451;6.0725
448;10.9453;7.8946
449;10.8899;8.984
450;11.1913;10.0359
451;11.1104;10.8522
453;10.9708;13.269
454;10.9235;13.9189
455;11.0961;15.036
456;10.9363;16.1084
457;11.2306;16.7696
458;11.0779;18.0058
459;10.9672;19.2501
460;10.8822;20.0012
461;10.9134;20.9394
462;11.2813;21.8854
463;10.9543;23.1766
464;11.247;24.007
465;10.8163;25.0507
466;10.8609;25.7339
467;11.0899;27.2035
468;10.8633;28.0011
469;10.7839;28.9656
471;10.9847;31.0074
473;10.961;32.7214
474;10.8894;34.1775
475;11.1552;35.2763
476;10.8736;35.9505
477;10.7272;37.121
479;10.9077;39.2647
480;11.8215;-0.2222
481;12.2963;0.9506
482;12.1616;1.8448
483;11.9479;3.0167
484;11.9378;4.2151
486;11.8468;6.1274
487;11.8649;6.7525
488;11.949;8.0117
489;12.0745;8.7607
490;11.7837;10.2259
491;12.0524;10.8607
493;11.8936;12.9717
494;12.1109;14.291
495;12.2589;15.1512
496;11.8588;15.8545
497;11.8458;16.8659
498;11.9177;17.9807
499;11.7451;18.7791
500;12.229;20.2613
501;12.1245;20.8931
502;12.1275;22.1823
503;11.7869;22.9801
504;11.9694;24.0464
505;12.2427;25.2474
508;12.2134;28.2319
509;12.1787;28.938
511;12.0988;30.9033
512;11.8228;31.7214
513;12.2933;33.1927
515;12.1362;35.1475
516;12.0399;36.2239
517;12.1507;37.2131
518;12.1505;38.1919
519;12.1176;39.0275
520;13.2306;-0.0377
521;12.7955;1.2724
522;12.7033;1.9487
523;13.0739;3.2566
524;13.1016;4.0133
525;13.2828;5.0598
527;13.181;7.1852
528;13.0167;8.141
529;12.9894;8.8786
530;13.2741;9.8182
531;12.7236;10.7262
532;12.7856;11.7749
533;13.0466;12.8272
534;12.8317;14.0436
535;12.7849;15.1092
536;13.0522;15.7154
537;12.8188;16.8241
538;13.0329;18.167
539;13.036;19.1832
540;12.8866;20.2539
541;12.9578;20.9027
542;12.9049;22.2326
543;12.7369;23.2171
545;12.7367;24.9917
547;13.2023;26.8277
548;13.0936;28.1023
549;12.7528;29.1356
550;13.1291;29.7884
551;12.892;30.9299
554;12.9795;34.2795
556;13.106;36.0217
557;13.2448;37.052
558;12.8608;38.2289
559;13.1601;39.2582
560;14.2422;-0.1891
561;14.0734;1.033
562;13.9084;1.8176
563;14.0529;2.8674
564;13.8594;3.8603
566;14.0862;5.8235
568;13.8021;8.1458
569;13.7511;8.7427
570;13.7659;10.1718
571;13.9788;10.8426
572;13.9722;12.111
573;13.8895;13.1767
574;14.2301;13.9432
575;14.2629;14.9529
576;14.0957;16.0214
577;14.036;17.116
578;13.7268;18.0136
579;13.9541;19.2715
580;14.1916;19.7544
581;14.1293;21.0554
584;14.0573;23.9705
586;14.1149;26.1963
587;14.1174;26.9811
588;14.2332;28.0274
589;14.0014;29.1626
590;14.2261;30.1314
592;13.7882;31.7591
593;14.206;32.9429
594;14.1414;33.8924
595;14.2103;35.1448
596;14.231;35.889
597;13.9219;37.2175
598;14.0443;38.22
599;13.8796;39.1232
600;14.9073;0.0551
601;15.0113;0.9465
602;15.225;2.2128
603;15.0643;3.2038
604;14.8424;4.1835
605;15.0406;4.8905
606;15.0169;6.1024
607;15.0456;7.1886
608;14.8896;7.7525
609;14.7502;9.1224
610;14.9714;9.8465
611;14.7392;10.7873
612;15.1419;12.0381
613;15.2765;13.0167
614;14.8244;14.0614
615;14.9573;14.7872
618;14.8274;18.009
620;14.8297;20.0554
621;15.2911;20.8448
622;15.1145;22.2077
623;15.2238;23.0561
624;14.75;23.9068
625;15.1772;25.0159
627;14.9862;26.7762
629;15.265;28.8317
630;14.9394;29.72
631;15.0275;30.7983
632;15.1412;32.2633
633;14.9061;32.7469
636;14.9742;35.7613
637;14.9217;37.142
638;14.8367;38.1508
639;15.0736;39.1084
641;15.9946;0.9788
642;16.2936;1.9089
643;15.8424;3.075
644;16.1864;4.1769
645;16.1645;4.7834
646;15.7383;6.0528
647;15.9704;7.1961
648;16.1612;8.1076
651;15.9466;11.271
652;16.2541;11.8478
653;15.7164;13.2383
655;16.1648;14.7921
656;15.8268;15.8369
657;16.0725;17.2383
658;16.0182;18.1481
659;15.9713;18.7464
660;16.1431;19.9877
661;16.1699;21.266
662;15.8532;22.0556
663;15.9635;22.8043
664;15.7349;23.8107
665;16.1353;24.7968
666;15.8437;25.8216
667;16.1089;26.8016
670;16.1405;30.173
671;16.0943;31.0073
672;15.9644;31.8385
674;16.239;34.252
675;16.1325;35.21
676;15.9964;35.9746
677;15.7443;36.8939
678;16.244;38.1845
682;17.1278;1.9091
683;17.0546;2.897
684;16.8097;3.7895
685;17.2443;5.1933
687;17.1113;7.1756
688;17.1862;8.0342
689;17.0524;8.7106
690;16.9938;9.8129
691;16.718;11.1953
692;17.1533;11.8714
694;16.7844;14.2042
695;16.7727;15.034
696;16.9926;16.1037
698;17.2106;18.1707
699;16.9698;19.2301
700;17.2552;20.2562
701;16.9895;21.0877
702;17.1781;21.9158
704;17.0941;23.7616
706;16.9181;26.1201
707;16.7768;26.8647
708;16.8222;28.286
709;16.8599;29.24
711;16.7134;30.7229
712;17.2792;32.2242
715;17.193;34.7538
716;16.9969;36.0103
717;17.1265;36.8795
719;16.9297;39.0786
720;17.7828;-0.1563
721;17.7646;0.9101
723;18.2811;3.1391
724;17.7369;3.8609
725;18.1372;5.0507
728;18.0288;7.9449
729;18.1636;8.7624
730;18.1431;10.1861
731;18.2342;10.7681
732;17.7795;12.1743
733;18.1553;12.7308
734;17.7472;14.2963
736;18.0981;16.1052
737;18.297;16.9255
738;18.1043;18.0987
739;18.1903;19.136
740;17.8662;19.7691
741;17.9164;21.0954
742;17.9149;21.9177
743;17.8546;22.7022
744;17.9511;24.0099
745;18.2002;24.8976
746;17.7277;25.9262
747;18.0861;26.7581
748;18.0456;28.2623
749;17.8089;29.2784
751;18.2132;30.8202
752;18.1854;32.2855
754;17.9267;33.7485
756;17.7066;36.0212
757;17.8633;36.8076
758;17.9444;38.1308
759;17.8915;39.0938
761;19.2861;0.9806
762;19.0069;2.0536
763;18.846;3.0196
764;19.1825;3.9727
765;18.847;4.869
766;18.7082;5.9144
767;19.2067;6.8487
769;18.9184;9.2644
770;18.708;9.9292
771;19.148;11.299
772;19.148;12.0756
773;18.9491;12.9782
775;18.7279;14.8057
777;18.8529;17.1926
778;19.2806;17.7129
779;18.9398;18.8503
781;18.7722;21.1767
782;19.0221;22.0035
784;19.0527;24.2043
785;19.0359;24.7245
786;19.0823;26.11
787;18.8924;27.0643
788;19.2346;28.2765
789;19.1664;29.2063
791;19.0676;30.8766
792;19.1684;32.1467
793;19.28;33.2702
795;19.0378;35.1287
796;19.1381;35.899
798;18.7374;37.7229
799;19.1137;39.0843
800;20.2422;0.0973
801;19.8556;1.2103
802;19.7574;2.0916
807;19.9295;6.863
809;19.9088;9.0227
810;20.1002;10.2858
811;19.8656;10.8918
812;19.9278;11.9109
813;19.9285;12.865
814;19.9203;14.2995
815;20.1289;15.1139
816;20.2355;16.0822
817;19.8664;16.8008
818;19.9958;18.2219
819;20.0446;19.1613
820;19.968;19.7231
821;20.0724;21.1492
824;20.1549;23.727
825;20.2536;25.2897
826;20.0589;26.1536
827;19.7799;27.2809
829;20.0692;29.2946
832;19.9593;32.107
833;19.7336;32.7999
834;20.215;33.7263
836;20.1964;36.0837
837;20.0215;37.0092
838;20.1912;37.7347
839;20.2481;38.8257
841;20.7473;1.2589
842;21.0169;2.1208
843;20.908;3.0826
844;20.8709;4.0707
845;21.1792;5.0961
847;21.0822;7.0476
848;21.0395;7.9251
849;20.9147;8.8224
850;20.837;10.1318
851;20.9137;10.8183
853;20.7789;12.8416
854;21.1721;13.8653
855;21.2934;15.2135
857;20.8283;16.936
858;20.9158;18.2447
859;20.9742;18.9099
860;21.2088;19.8397
861;21.2298;20.7248
863;20.7894;23.295
865;20.9289;25.1188
866;21.1255;26.1759
868;20.8069;28.0517
870;20.7317;30.138
871;21.1326;30.9905
872;20.828;32.2876
873;20.8616;32.8897
874;21.158;33.8569
875;21.1832;34.7278
876;20.9293;35.9352
878;21.0501;38.0978
879;20.8451;38.8274
881;22.2799;1.2969
883;22.0958;3.2046
884;22.2344;4.0302
885;21.986;5.2647
887;22.1977;6.8251
888;21.9518;7.8757
889;21.9032;9.0348
891;21.7014;11.2613
892;21.9033;11.7515
893;21.9368;13.051
894;21.9416;13.8849
895;22.1076;15.1236
897;22.0061;17.1709
898;21.9439;17.9974
900;21.7703;20.0646
901;21.9672;20.8044
904;21.8402;24.1382
905;21.8161;25.2795
906;21.9211;25.739
909;22.141;29.2803
910;21.9377;30.1723
911;22.1791;30.8976
912;21.9372;32.093
915;21.8123;35.155
917;22.277;37.16
918;22.0091;37.977
919;21.7278;38.7874
920;23.1207;0.1951
921;22.8229;0.9954
922;23.2157;1.7073
923;23.0285;2.8812
924;22.7367;3.9933
925;22.8917;4.9837
926;23.2366;6.1234
927;22.7915;6.9463
928;23.049;7.7293
929;22.7877;9.279
930;22.8757;10.0915
931;22.9093;10.8146
935;22.7736;14.9662
936;22.9273;15.9176
937;22.7428;16.7785
938;23.1797;18.1793
939;22.8577;19.1707
940;22.7708;19.8575
941;22.7569;21.2276
942;23.2446;22.0259
944;22.8425;23.7085
945;22.7872;24.9904
946;22.8807;26.2576
949;23.2588;29.0693
951;23.0107;31.0282
953;23.0154;33.0538
954;22.8092;33.8418
955;23.2053;35.2155
956;23.1319;36.1217
957;23.241;37.0987
958;22.9157;38.1938
962;23.9885;1.9168
965;24.0569;4.9627
966;23.8308;6.0091
967;23.9069;6.9624
969;24.0401;8.9742
970;24.0528;10.1201
971;24.0923;10.7819
972;24.23;12.2607
973;23.7578;12.7347
974;23.8695;14.0338
975;24.1104;14.7983
977;24.1129;16.9575
978;24.1513;17.8081
979;23.756;18.754
980;23.9816;20.2228
982;24.0159;21.9697
985;23.8307;24.892
986;23.7851;25.8283
987;23.923;27.1544
988;23.8418;27.7543
989;23.9226;28.9305
990;23.7203;29.782
993;24.2902;32.808
994;24.2832;34.1244
995;24.0516;34.9483
996;24.0176;35.9531
997;23.8215;36.8327
998;24.1016;38.0629
1001;24.9358;0.918
1002;24.811;2.0622
1003;25.1165;3.1378
1004;25.1095;3.8854
1005;24.9342;4.7845
1007;25.0184;7.2947
1008;24.9646;7.9162
1009;25.1562;9.0455
1010;25.0219;10.1735
1011;25.1406;10.8955
1013;24.7728;13.2705
1014;25.1269;14.0766
1015;24.9337;14.9511
1017;24.931;17.0577
1018;24.7634;18.194
1019;25.1492;19.1245
1020;25.2982;19.7954
1021;24.874;20.8451
1022;25.2392;22.1637
1023;24.7451;22.8453
1027;25.0844;27.1332
1029;24.9277;28.7629
1030;24.8093;30.088
1031;25.0772;31.1726
1032;25.2048;31.9868
1033;25.0631;32.7138
1034;25.2781;34.1337
1035;25.1349;35.2223
1036;24.9215;36.0756
1038;24.9644;37.8482
1041;25.758;0.7031
1043;26.2803;2.8406
1044;26.167;4.2422
1046;25.8048;6.2055
1049;25.9913;8.9202
1050;25.9984;9.7184
1051;25.9412;10.8784
1054;25.8463;14.104
1055;26.1328;15.003
1057;25.7075;16.943
1058;26.2676;18.0038
1059;25.9713;18.7767
1060;26.2882;20.1991
1061;25.7901;20.7706
1062;26.0768;22.0811
1063;26.2352;22.9864
1064;25.9479;24.0947
1065;25.9875;25.1756
1066;25.9509;25.8023
1069;26.1244;29.0378
1070;26.2496;30.0882
1071;25.7405;31.0152
1072;26.2502;31.9159
1073;26.1061;33.0369
1074;25.8981;33.8065
1075;25.8327;34.8357
1076;26.2638;36.0429
1077;25.9023;36.7838
1079;25.9575;38.933
1080;26.9079;0.0922
1082;26.9581;1.8517
1085;27.0641;4.9339
1086;26.7169;5.9245
1087;27.0999;6.8885
1089;27.1212;9.1661
1090;27.1856;9.8861
1091;27.2949;11.1179
1092;27.174;11.7864
1093;27.1466;13.1895
1094;27.2224;13.9221
1095;27.2177;15.1208
1096;27.1069;15.9845
1097;27.0597;17.1831
1098;27.0093;17.8632
1100;26.7759;19.8549
1101;26.9099;21.1699
1102;26.8641;21.9978
1103;26.8096;22.9665
1104;27.0141;24.2858
1105;27.1063;25.1583
1106;26.7734;25.9347
1107;26.748;26.7825
1108;26.7064;27.9269
1109;26.8333;28.7524
1110;26.8844;30.2464
1111;26.9893;31.2643
1112;27.1245;32.0786
1114;27.2804;34.1669
1115;26.8137;35.1548
1116;26.7601;36.0315
1117;26.9904;36.9679
1118;27.1164;38.0794
1121;27.8124;0.7837
1122;28.2489;1.8974
1123;27.861;3.2419
1124;28.2506;3.8498
1125;27.7175;4.9604
1126;27.7212;5.8536
1127;27.7664;7.1555
1128;28.1319;8.2586
1129;28.2395;9.2659
1130;28.2202;10.0502
1131;28.0796;10.7864
1134;27.7773;13.8863
1135;28.2538;15.2291
1136;28.266;16.2106
1137;27.9517;16.9341
1138;27.9111;18.0652
1139;27.9939;19.1677
1140;28.2792;20.0324
1141;27.7883;20.9349
1143;28.2675;22.9183
1144;27.9339;23.9959
1145;28.2919;25.2079
1146;27.8558;25.8695
1147;27.8794;27.2929
1149;27.8107;28.8922
1150;27.8834;30.1523
1151;28.03;31.0166
1153;27.8645;33.2117
1154;27.9383;34.1883
1155;27.8338;35.0036
1156;28.1991;36.1307
1157;28.0854;37.0293
1158;28.0528;37.9119
1159;27.7182;39.1823
1160;29.2365;0.0096
1161;29.0691;0.9233
1162;28.8432;1.9216
1164;29.1948;3.7485
1165;28.8148;4.7291
1166;29.1315;5.7253
1167;29.0043;7.0935
1169;29.0675;9.0838
1170;29.1676;9.7655
1171;28.8675;11.2238
1172;29.1185;12.0811
1174;28.9294;13.8625
1176;28.7822;16.2437
1177;29.2439;17.0508
1178;29.2022;18.0166
1179;28.8969;19.1637
1180;29.1924;20.1437
1181;28.7458;21.0541
1182;28.9689;21.8284
1183;28.8235;23.1305
1184;29.0831;24.2705
1185;28.863;24.7753
1186;28.8643;26.2928
1187;28.918;26.8357
1189;28.7276;29.1714
1191;29.1693;31.2463
1192;29.1057;32.0881
1193;28.7461;33.1362
1194;29.0788;34.0988
1196;29.2414;35.7954
1197;29.1925;36.9856
1198;29.0935;38.055
1199;29.1321;39.2103
1201;29.9451;0.7312
1203;29.9227;2.9586
1204;29.9142;3.7802
1205;29.8021;4.9264
1207;29.9495;6.7184
1208;29.7949;8.0473
1209;29.7517;9.1539
1210;30.1607;9.7123
1211;29.928;10.8915
1213;29.8943;13.105
1215;30.0883;14.8308
1216;29.9832;16.1448
1217;29.7605;17.0697
1218;29.977;17.8831
1220;29.8632;19.7629
1221;30.1248;21.2572
1222;29.7174;22.2821
1223;29.8355;23.1236
1224;29.7421;23.7727
1226;30.2665;25.8782
1227;30.2048;27.2841
1228;30.1247;27.7637
1231;29.9154;30.8827
1232;29.8245;31.9777
1233;30.2303;33.2866
1234;29.8756;33.9351
1235;29.8324;34.9121
1238;30.1679;38.2166
1239;29.7903;39.1573
1240;30.794;0.0421
1241;31.0139;1.1115
1242;31.0403;1.9977
1244;31.0011;3.869
1245;30.9979;4.895
1246;31.0393;5.8493
1247;31.2268;7.2466
1248;30.7693;7.943
1250;30.837;10.0656
1251;31.2404;10.955
1252;30.8376;12.2972
1254;31.0391;13.8171
1257;31.2145;17.2429
1258;31.0255;17.8282
1260;30.9841;20.2459
1261;30.8686;20.9572
1262;30.7563;21.752
1263;30.913;22.9387
1265;31.0404;24.7122
1266;30.9001;26.0322
1267;31.287;26.9171
1268;31.1033;28.2291
1272;30.809;32.0195
1273;30.9933;32.8053
1274;30.8333;34.0023
1275;31.1515;34.8663
1278;31.2491;37.9998
1280;32.171;0.1788
1281;31.8528;1.1402
1282;32.0175;2.2555
1284;32.1448;4.2367
1285;31.9173;4.8298
1286;31.8435;6.0365
1287;31.7285;6.9211
1288;31.8946;8.0861
1289;31.7988;9.281
1290;31.7687;10.0923
1291;31.7528;10.9926
1292;32.102;12.0261
1293;31.8563;12.7302
1294;31.8351;14.0852
1295;31.7209;15.03
1296;32.1389;15.9553
1297;32.0703;16.7181
1298;32.1227;18.102
1300;32.082;20.2681
1305;31.9155;25.1046
1306;32.129;26.0221
1307;32.2845;26.7522
1308;32.0647;27.8582
1309;32.0272;28.8269
1310;32.0325;29.8945
1311;31.7643;31.1996
1313;32.275;33.1568
1315;32.1093;35.1821
1316;32.248;35.9137
1317;31.9908;37.2104
1318;31.9267;37.8648
1320;32.7257;0.2593
1321;33.0397;0.9368
1322;32.8632;1.7928
1323;33.1414;2.7666
1324;33.2691;4.1456
1325;33.0895;4.7034
1326;32.7002;5.7161
1327;33.0981;6.9225
1329;32.7677;8.7307
1331;32.9242;11.232
1333;33.1476;12.9698
1335;32.9969;14.7768
1336;33.1935;15.7487
1337;32.7035;16.9875
1338;32.7083;17.9486
1339;32.7719;18.8479
1340;33.0274;19.7724
1341;32.8085;20.914
1342;33.2592;21.9238
1343;33.0713;22.924
1346;33.2969;25.8259
1347;33.1377;27.1538
1349;32.7218;28.8099
1350;32.7298;30.1384
1352;33.0975;31.7104
1353;33.0968;33.1901
1354;33.2329;34.1164
1355;33.1127;35.1974
1356;33.2436;36.0045
1357;33.2066;37.2372
1358;33.1662;38.2977
1360;33.9332;0.1583
1362;33.9809;1.8561
1364;34.0;3.7546
1365;33.8786;4.8105
1366;33.9554;5.907
1368;33.9009;8.0123
1369;33.8954;9.0932
1370;33.7616;9.7633
1371;34.0543;11.1772
1372;34.1109;11.7679
1374;34.0062;14.1277
1375;33.9761;14.9019
1376;34.1051;16.2683
1377;34.0109;17.2344
1378;34.2771;17.8339
1379;33.8765;19.1305
1380;33.7607;19.7337
1383;34.1757;23.1838
1384;34.0104;24.1859
1385;34.1679;25.0031
1387;33.9791;27.2426
1388;33.7307;27.7481
1389;33.9405;28.7081
1390;33.9686;29.7688
1392;33.899;32.1572
1393;34.1947;33.2142
1394;33.9251;33.8171
1395;34.0869;34.9846
1397;33.7507;36.7361
1398;33.9761;38.2742
1400;35.0011;-0.2847
1401;35.2126;0.9906
1402;34.8142;2.0024
1403;34.8558;2.7598
1405;35.0286;4.9934
1406;35.0159;6.2898
1407;34.8028;6.7043
1409;34.8228;8.9007
1410;35.036;9.7807
1412;34.8844;12.143
1413;35.1473;12.7119
1414;35.0765;14.2513
1415;34.9363;14.9598
1416;34.8855;15.7929
1417;35.1386;17.0485
1418;34.7079;17.759
1419;35.0169;18.9146
1420;35.0297;19.7
1421;35.1068;20.9718
1423;34.972;23.2879
1424;35.2077;24.118
1425;35.0053;24.9399
1428;34.7918;27.7174
1429;35.0755;28.8905
1430;35.1757;30.2009
1431;35.2686;31.2063
1432;34.8509;31.7957
1433;34.7346;32.9315
1434;35.232;33.9801
1435;35.1839;35.1731
1436;35.2202;35.9888
1437;35.0116;36.9724
1438;34.9891;37.7372
1439;35.1902;38.9725
1441;36.1243;1.0429
1442;36.0528;2.1664
1443;35.805;3.0599
1444;36.1649;3.9807
1445;35.7976;4.8683
1447;35.8948;7.1368
1448;36.0713;8.1177
1449;35.891;8.8608
1450;36.2364;10.1124
1453;35.8727;13.1239
1455;35.746;15.1135
1456;36.1873;16.1516
1457;35.9618;17.1518
1459;36.0814;18.7892
1460;36.2913;19.9118
1462;36.1032;22.2345
1463;35.9471;23.1369
1468;35.9466;27.9865
1469;36.2759;29.0571
1470;36.134;30.1908
1472;35.901;32.1727
1474;35.8456;34.032
1475;36.1867;35.1062
1476;36.059;36.2287
1477;35.7767;36.9359
1478;36.0268;37.7239
1479;35.7219;38.9202
1481;37.2202;0.7178
1484;36.9449;4.2691
1485;36.9228;4.7905
1486;37.2689;5.7753
1487;36.8525;7.2472
1488;37.1946;8.2354
1489;37.1398;9.0366
1490;37.0609;10.0254
1491;36.9854;10.8681
1492;36.8885;12.2107
1493;36.9594;12.9887
1494;37.1839;14.1165
1495;36.7755;15.1345
1496;37.2953;16.0481
1498;37.0339;17.8297
1499;36.8762;18.9003
1500;37.2243;19.8614
1501;36.7291;20.86
1502;36.7293;22.1705
1503;36.8724;23.0453
1504;36.7897;24.1416
1505;37.021;24.8765
1507;36.9538;26.9925
1508;37.1233;28.2057
1509;37.0297;29.1345
1510;36.7328;29.8251
1511;37.2931;30.8403
1512;37.1746;31.7631
1513;36.8024;32.9575
1514;36.7639;34.2437
1515;36.8147;34.8369
1516;36.7054;36.037
1517;37.297;37.2322
1518;37.0215;38.0383
1520;37.7697;0.2455
1521;37.7715;0.9108
1522;37.9966;1.722
1523;37.9163;3.1143
1524;37.8815;4.0272
1525;38.1402;4.7553
1528;37.7233;8.0785
1531;37.7175;10.8249
1532;37.7035;12.0181
1533;38.1696;13.0788
1534;37.823;13.7284
1535;38.2132;15.0051
1536;37.8126;15.7711
1538;37.8735;18.2952
1539;38.0401;18.7527
1540;37.8518;20.2357
1542;37.8982;21.9337
1543;37.8482;23.1508
1544;37.7907;23.7936
1545;37.8185;25.1451
1546;37.9853;26.209
1547;37.8843;26.9903
1548;38.2147;28.0787
1550;37.7002;29.965
1551;37.8715;31.1975
1553;37.7765;32.7899
1554;38.0031;34.0292
1555;38.0421;35.2439
1556;37.7196;36.2469
1557;37.789;36.8944
1558;38.2825;38.076
1559;37.9038;38.7515
1560;38.9895;0.2443
1561;39.1192;0.9496
1562;39.0831;1.7942
1563;38.8697;3.246
1564;39.082;4.1856
1565;38.7309;5.1991
1567;39.0248;7.1341
1568;39.2895;7.7611
1569;39.227;9.0767
1571;39.2856;11.0691
1572;39.0576;11.7374
1573;39.2775;12.7411
1574;38.7356;13.9628
1575;38.8374;15.1699
1576;39.1517;16.2757
1577;39.2845;16.7337
1578;38.8117;17.8236
1579;38.861;19.2206
1581;38.9483;21.0375
1583;38.8319;23.2123
1584;39.2564;24.2112
1587;38.7661;26.7604
1588;39.0004;28.0565
1589;38.942;28.8032
1590;38.752;30.2561
1592;39.1132;31.8395
1593;39.2311;32.8036
1596;39.2403;36.1911
1597;39.186;36.8271
1598;38.98;38.1418
